store_id,city,format,trade_date,hour,is_weekend,footfall,bills,revenue,conversion_rate,sensor_ok
ST01,CITY00,Mall,2025-04-01,10,false,null,6,4821,null,false
ST01,CITY00,Mall,2025-04-01,11,false,null,5,2852.52,null,false
ST01,CITY00,Mall,2025-04-01,12,false,null,6,3557.91,null,false
ST01,CITY00,Mall,2025-04-01,13,false,27,5,2405.05,0.18518518518518517,true
ST01,CITY00,Mall,2025-04-01,14,false,22,2,1033.71,0.09090909090909091,true
ST01,CITY00,Mall,2025-04-01,15,false,18,1,944.67,0.05555555555555555,true
ST01,CITY00,Mall,2025-04-01,16,false,17,1,340.66,0.058823529411764705,true
ST01,CITY00,Mall,2025-04-01,17,false,24,4,1815.83,0.16666666666666666,true
ST01,CITY00,Mall,2025-04-01,18,false,49,9,4618.6,0.1836734693877551,true
ST01,CITY00,Mall,2025-04-01,19,false,48,8,2978.53,0.16666666666666666,true
ST01,CITY00,Mall,2025-04-01,20,false,48,8,2573.46,0.16666666666666666,true
ST01,CITY00,Mall,2025-04-01,21,false,39,7,3545.72,0.1794871794871795,true
ST01,CITY00,Mall,2025-04-02,10,false,24,4,1267.07,0.16666666666666666,true
ST01,CITY00,Mall,2025-04-02,11,false,33,6,2189.24,0.18181818181818182,true
ST01,CITY00,Mall,2025-04-02,12,false,28,5,3712.66,0.17857142857142858,true
ST01,CITY00,Mall,2025-04-02,13,false,22,4,1934.58,0.18181818181818182,true
ST01,CITY00,Mall,2025-04-02,14,false,22,2,374.43,0.09090909090909091,true
ST01,CITY00,Mall,2025-04-02,15,false,20,2,1224.1,0.1,true
ST01,CITY00,Mall,2025-04-02,16,false,23,2,834.2,0.08695652173913043,true
ST01,CITY00,Mall,2025-04-02,17,false,32,6,3075.35,0.1875,true
ST01,CITY00,Mall,2025-04-02,18,false,67,12,5809.23,0.1791044776119403,true
ST01,CITY00,Mall,2025-04-02,19,false,58,10,5320.68,0.1724137931034483,true
ST01,CITY00,Mall,2025-04-02,20,false,55,10,4418.59,0.18181818181818182,true
ST01,CITY00,Mall,2025-04-02,21,false,36,6,7798.65,0.16666666666666666,true
ST01,CITY00,Mall,2025-04-03,10,false,23,4,1157.88,0.17391304347826086,true
ST01,CITY00,Mall,2025-04-03,11,false,28,5,2162.46,0.17857142857142858,true
ST01,CITY00,Mall,2025-04-03,12,false,34,6,4993.31,0.17647058823529413,true
ST01,CITY00,Mall,2025-04-03,13,false,34,6,3069.93,0.17647058823529413,true
ST01,CITY00,Mall,2025-04-03,14,false,23,2,784.08,0.08695652173913043,true
ST01,CITY00,Mall,2025-04-03,15,false,14,1,196.23,0.07142857142857142,true
