store_id,city,format,trade_date,hour,footfall,bills,conversion_rate
ST01,CITY00,Mall,2025-04-01,13,27,5,0.18518518518518517
ST01,CITY00,Mall,2025-04-01,14,22,2,0.09090909090909091
ST01,CITY00,Mall,2025-04-01,15,18,1,0.05555555555555555
ST01,CITY00,Mall,2025-04-01,16,17,1,0.058823529411764705
ST01,CITY00,Mall,2025-04-01,17,24,4,0.16666666666666666
ST01,CITY00,Mall,2025-04-01,18,49,9,0.1836734693877551
ST01,CITY00,Mall,2025-04-01,19,48,8,0.16666666666666666
ST01,CITY00,Mall,2025-04-01,20,48,8,0.16666666666666666
ST01,CITY00,Mall,2025-04-01,21,39,7,0.1794871794871795
ST01,CITY00,Mall,2025-04-02,10,24,4,0.16666666666666666
ST01,CITY00,Mall,2025-04-02,11,33,6,0.18181818181818182
ST01,CITY00,Mall,2025-04-02,12,28,5,0.17857142857142858
ST01,CITY00,Mall,2025-04-02,13,22,4,0.18181818181818182
ST01,CITY00,Mall,2025-04-02,14,22,2,0.09090909090909091
ST01,CITY00,Mall,2025-04-02,15,20,2,0.1
ST01,CITY00,Mall,2025-04-02,16,23,2,0.08695652173913043
ST01,CITY00,Mall,2025-04-02,17,32,6,0.1875
ST01,CITY00,Mall,2025-04-02,18,67,12,0.1791044776119403
ST01,CITY00,Mall,2025-04-02,19,58,10,0.1724137931034483
ST01,CITY00,Mall,2025-04-02,20,55,10,0.18181818181818182
ST01,CITY00,Mall,2025-04-02,21,36,6,0.16666666666666666
ST01,CITY00,Mall,2025-04-03,10,23,4,0.17391304347826086
ST01,CITY00,Mall,2025-04-03,11,28,5,0.17857142857142858
ST01,CITY00,Mall,2025-04-03,12,34,6,0.17647058823529413
ST01,CITY00,Mall,2025-04-03,13,34,6,0.17647058823529413
ST01,CITY00,Mall,2025-04-03,14,23,2,0.08695652173913043
ST01,CITY00,Mall,2025-04-03,15,14,1,0.07142857142857142
ST01,CITY00,Mall,2025-04-03,16,20,2,0.1
ST01,CITY00,Mall,2025-04-03,17,37,7,0.1891891891891892
ST01,CITY00,Mall,2025-04-03,18,55,10,0.18181818181818182
